상품ID,브랜드,순위,분류,상품명,할인율,할인가,총용량(g),단위가격(100g),리뷰수,평균별점,긍정리뷰비율,부정리뷰비율,품질언급비율,가성비언급비율,배송언급비율,저평점비율,최근 30일 리뷰비율,품질(긍정),품질(부정),구성/가성비(긍정),구성/가성비(부정),배송(긍정),배송(부정)
12274376800,KF365,1,달걀,[KF365] 1+등급 무항생제 특란 20구,0,7980,1200,665,8416,4.85,0.34,0.66,0.91,0.3,0.67,0.38,0.1,신선,계란파손,가성비,가성비,배송,배송
12274518551,KF365,2,가공육,[KF365] 훈제오리 300g ~,33,6990,300,74560,9640,4.86,0.43,0.57,0.91,0.37,0.38,0.24,0.2,맛,맛,가성비,가성비,배송,배송
12274488227,KF365,3,가공육,[KF365] 양념 소불고기 4종 (택1),30,13900,500,2780,6356,4.81,0.25,0.75,0.96,0.39,0.46,0.29,0.12,맛,맛,가성비,가성비,배송,배송
12274562713,KF365,4,달걀,[KF365] 무항생제 특란 30구 (15구*2ea),0,10690,1800,594,13677,4.87,0.68,0.32,0.92,0.46,0.65,0.14,0.07,신선함,계란파손,가성비,가격,배송,배송
12274500294,KF365,5,정육,[KF365] 1+ 한우 국거리 300g(냉장),22,14190,300,99330,5917,4.82,0.63,0.37,0.95,0.48,0.45,0.17,0.07,맛있음,질김,가성비,가성비,배송,배송
12274531725,KF365,6,달걀,[KF365] 1+등급 무항생제 특란 15구,5,5785,900,2571,5066,4.86,0.7,0.3,0.9,0.45,0.66,0.11,0.06,신선함,파손,가성비,가성비,배송,배송
12275427425,KF365,7,가공육,[KF365] 춘천식 닭갈비 2종 (냉장) (택1),20,14350,500,54530,4657,4.85,0.74,0.26,0.97,0.51,0.41,0.08,0.04,맛있음,맛,가성비,가성비,배송,배송
12274531655,KF365,8,달걀,[KF365] 1+등급 무항생제 백색 대란 20구,0,7620,1040,733,12487,4.86,0.58,0.42,0.92,0.42,0.61,0.25,0.04,맛,파손,가성비,배송,배송,배송
12274593285,KF365,9,가공육,[KF365] 에어프라이어용 미니 돈까스 2종,36,6390,500,44730,4217,4.89,0.8,0.2,0.92,0.55,0.49,0.04,0.05,맛있음,맛,가성비,가성비,배송,배송
12274602481,KF365,10,가공육,[KF365] 에어프라이어용 치즈 폭탄 돈까스 300g (모짜렐라),18,8150,300,46183,2779,4.85,0.77,0.23,0.95,0.5,0.39,0.04,0.03,맛있음,맛,가성비,가격,배송,배송
12274376392,KF365,11,정육,[KF365] 한돈 삼겹살 구이용 600g/1kg (냉장),20,15900,600,50350,3474,4.77,0.93,0.07,0.95,0.45,0.41,0.0,0.0,맛있음,기름많음,가성비,가격,배송,배송
12274638007,KF365,12,가공육,[KF365] 에어프라이어용 통 닭가슴살 치킨까스 120g*5pk,24,9490,600,36378,6736,4.89,0.93,0.07,0.92,0.57,0.46,0.0,0.0,맛있음,맛,가성비,맛,배송,배송
12274376769,KF365,13,달걀,[KF365] 1+등급 무항생제 특란 10구,0,4200,600,700,3144,4.9,0.91,0.09,0.91,0.44,0.61,0.0,0.0,신선함,계란,가성비,개수,배송,대안
12274611086,KF365,14,가공육,[KF365] 1+ 한우 다짐육 300g(냉장),22,14190,300,99330,1318,4.89,0.33,0.67,0.88,0.29,0.25,0.21,0.29,맛,맛,깔끔,가성비,배송,배송
12300398228,KF365,15,정육,[KF365] 한돈 급냉 삼겹살 600g/1kg (냉동),28,21400,600,96300,3671,4.75,0.21,0.79,0.97,0.32,0.43,0.44,0.16,맛,질김,가성비,가성비,배송,배송
12274573213,KF365,16,가공육,[KF365] 통통한 그릴 비엔나 소시지 700g,31,7900,700,33857,3301,4.89,0.41,0.59,0.94,0.47,0.43,0.08,0.24,맛있음,맛,가성비,가성비,배송빠름,배송
12274606995,KF365,17,가공육,[KF365] 양념 칼집 목살구이1kg (냉동),16,13775,1000,1378,3075,4.73,0.62,0.38,0.94,0.46,0.42,0.18,0.07,맛있음,맛,가성비,가성비,배송,배송
12274524551,KF365,18,가공육,[KF365] 오리지널 바베큐폭립 2종,24,10990,500,2198,3818,4.7,0.54,0.46,0.96,0.5,0.41,0.19,0.12,맛있음,맛,가성비,가성비,배송,배송
12274522419,KF365,19,가공육,[KF365] 에어프라이어용 통등심 돈까스 2종,15,10670,600,24897,2218,4.85,0.75,0.25,0.93,0.5,0.43,0.06,0.16,맛있음,맛,가성비,가성비,배송,배송
12275360725,KF365,20,가공육,[KF365] 한돈 고추장양념 돼지불고기 2종 (냉장) (택1),14,7290,500,18954,1898,4.82,0.77,0.23,0.95,0.47,0.38,0.05,0.03,맛있음,맛,가성비,가성비,배송,배송
12274479180,KF365,21,정육,[KF365] 한돈 목살 구이용 600g~ (냉장),25,14900,600,59600,1891,4.84,0.8,0.2,0.96,0.49,0.45,0.05,0.05,맛있음,맛,가성비,가성비,배송,배송
12275341417,KF365,22,가공육,[KF365] 1등급 닭 다리살 2종  (냉장),5,9405,500,7524,1861,4.89,0.86,0.14,0.95,0.45,0.44,0.03,0.02,맛,맛,가성비,가성비,배송,배송
12274565531,KF365,23,가공육,[KF365] 두툼한 샌드위치햄 300g (150g*2입),18,4900,300,27767,1686,4.89,0.92,0.08,0.96,0.59,0.46,0.0,0.12,맛,맛,가성비,가성비,배송,배송
12274667168,KF365,24,달걀,[KF365] 무항생제 왕란 30구 (15구 *2ea),0,10980,2040,538,4914,4.87,0.73,0.27,0.94,0.51,0.64,0.09,0.04,신선함,계란깨짐,가성비,가성비,배송,배송
12274376373,KF365,25,가공육,[KF365] 한돈 앞다리 찌개용 600g (냉장),10,10980,600,16470,930,4.84,0.85,0.15,0.94,0.51,0.5,0.03,0.08,맛있음,맛,가성비,가성비,배송,배송
12274500231,KF365,26,가공육,[KF365] 1+ 한우 불고기용 300g(냉장),22,14190,300,99330,412,4.75,0.83,0.17,0.96,0.44,0.41,0.03,0.11,맛있음,맛,가성비,가성비,배송,배송
12275454764,KF365,27,가공육,[KF365] 1등급 닭볶음탕용 2종 (냉장),20,4792,500,18210,1679,4.82,0.77,0.23,0.93,0.54,0.53,0.04,0.12,맛있음,맛,가성비,가성비,배송,배송
12274721099,KF365,28,정육,[KF365] 호주산 소고기 부채살 스테이크 300g(냉장),22,9990,300,69930,2213,4.8,0.68,0.32,0.95,0.5,0.47,0.09,0.11,맛있음,질김,가성비,가성비,배송,배송
12274679977,KF365,29,정육,[KF365] 호주산 소고기 부채살 구이용 300g(냉장),26,9440,300,78667,1023,4.75,0.75,0.25,0.98,0.55,0.41,0.07,0.05,맛있음,맛,가성비,가성비,배송,배송
12275415751,KF365,30,가공육,[KF365] 생 등심 돈까스 1kg (냉장),10,14120,1000,1412,1033,4.86,0.87,0.13,0.96,0.57,0.49,0.03,0.06,맛있음,맛,가성비,가성비,배송,배송
12274693137,KF365,31,가공육,[KF365] 무항생제 한입 닭가슴살 1kg(냉동),30,8990,1000,899,2058,4.88,0.82,0.18,0.92,0.49,0.44,0.02,0.02,맛,맛,가성비,가성비,배송,배송
12274607896,KF365,33,정육,[KF365] 1+ 한우 정육 샤브샤브용 300g (냉동),25,13600,300,108800,383,4.68,0.75,0.25,0.94,0.46,0.45,0.05,0.16,맛,질김,가성비,가성비,배송,배송
12274548547,KF365,34,달걀,[KF365] 1+등급 무항생제 백색 특란 20구,5,7866,1200,2622,1253,4.83,0.75,0.25,0.93,0.5,0.68,0.07,0.03,신선함,깨짐,가성비,없음,배송,배송
12274510054,KF365,35,달걀,[KF365] 1+등급 무항생제 대란 10구,0,4100,520,788,1423,4.9,0.23,0.77,0.96,0.35,0.58,0.31,0.0,맛,깨짐,가성비,개별포장,배송,배송
12274690972,KF365,36,가공육,[KF365] 리얼 삼겹 베이컨 2종 (1입/3입),25,2900,120,58000,603,4.86,0.38,0.62,0.92,0.38,0.31,0.08,0.15,가성비,기름기없음,만족,기름짐,배송,배송
12274560111,KF365,37,가공육,[KF365] 한돈 앞다리 제육용 600g (냉장),10,10980,600,16470,600,4.81,0.86,0.14,0.95,0.47,0.43,0.04,0.1,맛있음,맛,가성비,가성비,배송,배송
12273090380,KF365,39,달걀,[KF365] 갈색 반숙란 20구,6,10990,1200,916,2431,4.82,0.67,0.33,0.95,0.42,0.49,0.11,0.05,맛있음,맛,가성비,가성비,배송,배송
12274618024,KF365,40,가공육,[KF365] 한돈 찜갈비 800g(냉장),15,13900,800,24325,658,4.76,0.77,0.23,0.96,0.48,0.42,0.04,0.18,맛있음,맛,가성비,가성비,배송,배송
12275414550,KF365,41,가공육,[KF365] 한돈 다짐육 600g (냉장),15,7390,600,17243,359,4.84,0.85,0.15,0.89,0.41,0.41,0.01,0.18,맛,맛,가성비,고기질,배송,배송
12274601580,KF365,42,달걀,[KF365] 1+등급 무항생제 초란 + 특란 30구,0,10490,30,34967,5183,4.87,0.72,0.28,0.94,0.45,0.58,0.09,0.1,신선함,맛,가성비,가성비,배송,배송
12274600895,KF365,43,달걀,[KF365] 1+등급 무항생제 대란 30구 (15구*2ea),0,10290,1560,660,1242,4.88,0.87,0.13,0.94,0.54,0.57,0.03,0.11,신선함,신선함,가성비,가성비,배송,배송
12338970190,KF365,44,정육,[KF365] 한돈 앞다리 용도별 균일가 3종 (택1),10,10980,600,16470,304,4.77,0.86,0.14,0.94,0.47,0.46,0.03,0.12,맛있음,맛,가성비,가성비,배송,배송
12274699784,KF365,45,가공육,[KF365] 에어프라이어용 통등심 롱카츠 450g,23,9590,450,46884,933,4.83,0.82,0.18,0.94,0.56,0.45,0.01,0.1,맛있음,맛,가성비,가성비,배송,배송
12274604523,KF365,46,가공육,[KF365] 오리주물럭 600g (200gX3개입),19,13689,600,41067,827,4.81,0.87,0.13,0.94,0.54,0.44,0.03,0.05,맛있음,맛,가성비,가성비,배송,배송
12275367261,KF365,47,가공육,[KF365] 무항생제 한돈 다짐육 300g*2 (냉장),17,7590,600,20240,908,4.87,0.4,0.6,0.85,0.55,0.85,0.25,0.15,가성비,포장꼼꼼,편의성,가격불만,배송,배송
12349167512,KF365,49,달걀,[KF365] 무항생제 특란 40구 (20구*2ea),10,11900,2400,496,4623,4.82,0.63,0.37,0.96,0.47,0.71,0.17,0.04,맛,파손,가성비,가격,배송,배송
12274703171,KF365,50,가공육,[KF365] 무항생제 한돈 삼겹살 수육용 2종 (냉장),26,16900,600,70417,491,4.7,0.78,0.22,0.96,0.47,0.44,0.04,0.07,맛있음,맛,가성비,가성비,배송,배송
12274616639,KF365,51,가공육,[KF365] 한돈 항정살 500g(냉장),14,29900,500,77740,238,4.83,0.91,0.09,0.98,0.51,0.45,0.02,0.17,맛있음,맛,가성비,가성비,배송,배송
12274643656,KF365,52,가공육,[KF365] 한돈 삼겹살 수육용 600g/1kg (냉장),20,15900,600,50350,535,4.76,0.82,0.18,0.98,0.49,0.43,0.07,0.11,맛있음,맛,가성비,가격,배송,배송
12274631028,KF365,53,가공육,[KF365] IQF 닭다리살 (냉동) 1kg,6,14871,1000,1487,900,4.86,0.83,0.17,0.92,0.48,0.47,0.02,0.03,맛있음,맛,가성비,가격,배송,배송
12275345161,KF365,54,가공육,[KF365] 1등급 닭 가슴살 2종 (냉장),5,7315,500,5852,466,4.85,0.9,0.1,0.94,0.56,0.5,0.01,0.09,맛,맛,가성비,가성비,배송,배송
12274513912,KF365,55,가공육,[KF365] 한돈 떡갈비 500g/1kg (냉동),13,13900,1000,1390,1380,4.86,0.86,0.14,0.94,0.52,0.39,0.02,0.01,맛있음,맛,가성비,가격,배송,배송
12274637764,KF365,56,가공육,[KF365] 한돈 생 대패 목살 500g (냉장),10,15900,500,28620,293,4.86,0.92,0.08,0.95,0.51,0.47,0.01,0.09,맛있음,맛,가성비,가성비,배송,배송
12274620467,KF365,61,가공육,[KF365] 한돈 등갈비 800g(냉장),20,23900,800,56762,426,4.85,0.83,0.17,0.95,0.48,0.41,0.02,0.21,맛있음,맛,가성비,가성비,배송,배송
12274565529,KF365,62,가공육,[KF365] 한돈 생 대패 삼겹 500g (냉장),10,15900,500,28620,167,4.72,0.87,0.13,0.98,0.58,0.55,0.03,0.13,맛,누린내,가성비,가성비,배송,배송
12275361669,KF365,63,가공육,[KF365] 닭 통다리 600g (냉장),0,9990,600,1665,265,4.92,0.89,0.11,0.95,0.45,0.46,0.0,0.07,맛있음,맛,가성비,없음,배송,없음
12275451279,KF365,64,정육,[KF365] 1+ 한우 사태 국거리용 300g(냉장),16,15120,300,75600,198,4.82,0.89,0.11,0.94,0.51,0.42,0.02,0.09,맛,맛,가성비,가성비,배송,배송
12274376447,KF365,65,가공육,[KF365] 한돈 뒷다리 제육용 600g (냉장),10,7790,600,11685,220,4.8,0.11,0.89,0.78,0.44,0.44,0.33,0.11,맛,고기무난,가성비,가성비,배송,배송
12346839309,KF365,66,가공육,[KF365] 한돈 (삼겹살/앞다리) 수육용 600g 2종,20,15900,600,50350,217,4.8,0.0,1.0,1.0,0.38,0.38,0.23,0.54,키워드 없음,비계많음,키워드 없음,가격,키워드 없음,배송
12813216659,KF365,67,가공육,[KF365] 한돈 꽃삼겹살 구이용 600g / 1kg (냉동),20,27900,600,88350,366,4.71,0.13,0.87,0.96,0.26,0.22,0.22,0.0,맛,맛,혼자먹기좋아요,가격,배송빠름,배송
12274612224,KF365,68,가공육,[KF365] 고기듬뿍 스모크햄 900g,35,8290,900,921,716,4.86,0.88,0.12,0.94,0.58,0.4,0.0,0.02,맛있음,맛,가성비,가성비,배송,배송
12274560317,KF365,69,가공육,[KF365] 한돈 뒷다리 찌개용 600g (냉장),10,7790,600,11685,312,4.87,0.88,0.12,0.94,0.54,0.51,0.02,0.23,맛있음,맛,가성비,가성비,배송,배송
12274558810,KF365,70,달걀,[KF365] 깐 메추리알 800g,0,9490,800,1186,417,4.87,0.91,0.09,0.93,0.48,0.48,0.0,0.09,맛,장조림,가성비,가성비,배송,배송
12727279399,KF365,71,가공육,[KF365] 도톰 한돈 동그랑땡 500g(냉동),20,7900,500,30020,777,4.86,0.89,0.11,0.95,0.57,0.47,0.01,0.13,맛있음,맛,가성비,가성비,배송,배송
12274500201,KF365,72,정육,[KF365] 1+ 한우 양지 국거리용 300g(냉장),20,21520,300,136293,130,4.83,0.91,0.09,0.97,0.47,0.4,0.0,0.12,맛있음,맛,가성비,가성비,배송,배송
12273039560,KF365,73,가공육,[KF365] 춘천식 닭갈비 (냉동) 1.2kg (300g*4ea),15,16900,1200,1408,398,4.86,0.93,0.07,0.98,0.55,0.42,0.0,0.08,맛있음,맛,가성비,맛,배송,배송
12274643385,KF365,74,가공육,[KF365] 한돈 앞다리 수육용 600g~(냉장),10,10980,600,16470,380,4.83,0.89,0.11,0.94,0.48,0.4,0.0,0.06,맛있음,냄새,가성비,가성비,배송,배송
12274601305,KF365,75,가공육,[KF365] IQF 닭가슴살 (냉동) 2kg,0,19900,2000,995,516,4.92,0.91,0.09,0.93,0.68,0.54,0.0,0.11,맛,맛,가성비,가성비,배송,배송
12274700469,KF365,76,가공육,[KF365] 무항생제 한돈 등심 카레용 200g*2 (냉장),20,7890,400,37478,133,4.79,0.87,0.13,0.95,0.52,0.48,0.02,0.22,맛,포장불량,가성비,가성비,배송,배송
12274701370,KF365,78,가공육,[KF365] 무항생제 한돈 등심 잡채용 200g*2 (냉장),15,6950,400,24325,381,4.88,0.0,1.0,1.0,0.29,1.0,0.0,0.0,키워드 없음,냄새,키워드 없음,맛있음,키워드 없음,배송
12274612764,KF365,79,가공육,[KF365] 1+ 한우 차돌박이 300g (냉동),11,26570,300,88567,270,4.68,0.0,1.0,0.83,0.33,0.5,0.44,0.17,키워드 없음,품질,키워드 없음,기름짐,키워드 없음,배송
12274701645,KF365,80,가공육,[KF365] 에어프라이어용 통 닭안심살 치킨까스 500g,29,7910,500,44296,448,4.91,0.5,0.5,0.83,0.67,0.5,0.17,0.17,맛,가성비,가성비,튀김옷두꺼움,배송,키워드 없음
12373922265,KF365,81,정육,[KF365] 냉장고 필수 한돈 삼겹/목살/냉삼 4종 (택1),25,14900,600,59600,470,4.79,0.87,0.13,0.94,0.46,0.44,0.03,0.26,맛있음,맛,가성비,가성비,배송,배송
12274622346,KF365,82,가공육,[KF365] 무항생제 오리 슬라이스 700g (2입) (냉장),0,14590,700,2084,385,4.72,0.86,0.14,0.95,0.56,0.51,0.05,0.14,맛있음,맛,가성비,가성비,배송,배송
12274700607,KF365,83,가공육,[KF365] 무항생제 한돈 안심 장조림용 200g*2 (냉장),12,6990,400,19222,329,4.83,0.89,0.11,0.94,0.52,0.48,0.01,0.15,맛있음,맛,가성비,가성비,배송,배송
12274693320,KF365,84,달걀,[KF365] 1+등급 무항생제 초란 20구,0,7790,20,38950,314,4.74,0.85,0.15,0.95,0.51,0.5,0.02,0.09,신선함,크기,가성비,가성비,배송,배송
12298411572,KF365,85,정육,[KF365] 1+ 한우 등심 300g(냉장),25,38960,300,311680,0,0.0,0.92,0.08,1.0,0.52,0.4,0.0,0.08,맛있음,가성비,가성비,기름많음,배송,키워드 없음
12274580350,KF365,86,정육,[KF365] 1+ 한우 안심 스테이크 300g (냉장),21,49800,300,332000,148,4.73,0.83,0.17,0.97,0.52,0.47,0.02,0.2,맛있음,맛,가성비,가격,배송,배송
13020538786,KF365,88,가공육,[KF365] LA 갈비 500g (냉동),18,18400,500,62560,120,4.78,0.78,0.22,0.95,0.47,0.46,0.01,0.28,맛있음,맛,가성비,가성비,배송,배송
12274640149,KF365,89,가공육,[KF365] 한돈 통 항정살 (수육용) 500g (냉장),14,29900,500,77740,142,4.76,0.93,0.07,0.98,0.51,0.43,0.0,0.2,맛있음,맛,가성비,가격대비적당,배송,배송
12275341115,KF365,90,가공육,[KF365] 무항생제 닭다리살(정육) 슬라이스 구이 400g,20,6392,400,30362,375,4.86,0.92,0.08,0.93,0.49,0.42,0.0,0.08,맛있음,맛,가성비,구성,배송,구매
12274705025,KF365,91,가공육,[KF365] 에어프라이어용 통안심카츠 280g(70g*4ea),24,7500,280,61607,160,4.76,0.735356201,0.25408971,0.933166227,0.482453826,0.468522427,0.0758047493,0.116754617,,,,,,
12274580276,KF365,92,정육,[KF365] 1+ 한우 채끝 스테이크 300g (냉장),20,47400,300,300200,102,4.66,0.3,0.7,1.0,0.4,0.5,0.2,0.0,두께,질김,키워드 없음,가격,배송빠름,배송
12274606712,KF365,93,가공육,[KF365] 한돈 차돌 대패구이 1kg,22,24900,1000,2490,233,4.58,0.0,1.0,1.0,0.14,0.24,0.41,0.1,키워드 없음,냄새,키워드 없음,아쉬움,키워드 없음,배송
12299976199,KF365,94,정육,[KF365] 한돈 삼겹살+목살 반반팩 700g,15,19900,700,39800,266,4.76,0.84,0.16,0.94,0.61,0.54,0.03,0.17,맛,맛,가성비,가성비,배송,배송
12275388168,KF365,95,달걀,[KF365] 1등급 닭 윗날개(봉) 2종 (냉장),5,8645,500,6916,220,4.83,0.9,0.1,0.94,0.43,0.43,0.0,0.11,맛있음,맛,재구매,가성비,배송,배송
12274604072,KF365,96,가공육,[KF365] 한돈 가브리살 (수육/구이용) 500g,9,19900,500,31840,197,4.87,0.9,0.1,0.96,0.49,0.46,0.0,0.16,맛,냄새,가성비,가격,배송,배송
12338969415,KF365,97,가공육,[KF365] 미국산 돼지고기 삼겹살 구이용 1kg,24,16090,1000,1609,401,4.79,0.84,0.16,0.96,0.62,0.54,0.04,0.14,맛있음,맛,가성비,가성비,배송,배송
12275345199,KF365,98,정육,[KF365] 1등급 닭 안심살 2종  (냉장),5,7315,500,5852,255,4.84,0.92,0.08,0.95,0.47,0.48,0.01,0.16,맛,맛,가성비,가성비,배송,배송
12346835112,KF365,99,가공육,[KF365] 닭가슴살로 만든 닭갈비 600g (300g*2ea),10,8990,600,13485,170,4.8,0.83,0.17,0.93,0.51,0.47,0.0,0.14,맛있음,맛,가성비,1인용,배송,배송
12274528826,KF365,100,가공육,[KF365] 한돈 삼겹살 찌개용 500g,25,11800,500,56640,95,4.84,0.82,0.18,0.98,0.48,0.42,0.01,0.15,맛있음,김치찌개,가성비,가성비,배송,배송
12274590963,KF365,101,달걀,[KF365] 백색반숙란+갈색훈제란 20구 반반팩,0,11800,20,59000,165,4.81,0.89,0.11,0.94,0.61,0.57,0.01,0.13,맛,맛,가성비,가격높음,배송,배송
12274567813,KF365,102,가공육,[KF365] 돌돌말이 대패 목심 (1kg),6,13900,1000,1390,531,4.86,0.89,0.11,0.95,0.56,0.53,0.01,0.17,맛있음,맛,가성비,가성비,배송,배송
12275413168,KF365,103,가공육,[KF365] 1등급 닭 아랫날개(윙) 2종 (냉장),5,8645,500,6916,225,4.9,0.89,0.11,0.94,0.52,0.55,0.01,0.17,맛있음,맛,가성비,없음,배송,없음
12275358298,KF365,104,가공육,[KF365] 미국산 돼지고기 삼겹살 구이용 2종,20,7990,400,37952,526,4.79,0.77,0.23,0.96,0.57,0.49,0.06,0.14,맛있음,맛,가성비,가성비,배송,배송
12274616661,KF365,105,가공육,[KF365] 에어프라이어용 치즈 폭탄 돈까스 300g (체다치즈),24,7590,300,58190,173,4.87,0.88,0.12,0.96,0.48,0.34,0.0,0.16,맛있음,맛,가성비,가격,배송,배송
12275335177,KF365,106,가공육,[KF365] 무항생제 닭가슴살 슬라이스 구이 400g,0,6800,400,1700,36,4.78,0.735356201,0.25408971,0.933166227,0.482453826,0.468522427,0.0758047493,0.116754617,,,,,,
12274617729,KF365,107,가공육,[KF365] 한돈 고추장양념 돼지불고기 (냉동) 1.2kg (300g*4ea),20,14680,1200,1223,92,4.71,0.735356201,0.25408971,0.933166227,0.482453826,0.468522427,0.0758047493,0.116754617,,,,,,
12275455952,KF365,108,가공육,[KF365] 무항생제 한돈 삼겹살 구이용 2종 (냉장),27,26900,600,116567,230,4.81,0.735356201,0.25408971,0.933166227,0.482453826,0.468522427,0.0758047493,0.116754617,,,,,,
12346891015,KF365,110,정육,[KF365] 수입산 소고기 & 돼지고기 냉장  가성비 구이류 골라담기,28,8590,400,2148,258,4.79,0.86,0.14,0.95,0.52,0.51,0.03,0.24,맛,맛,가성비,가격,배송,배송
12275421769,KF365,111,가공육,[KF365] 생 안심 돈까스 480g (120g*4입)(냉장),10,10710,480,20081,55,4.67,0.76,0.24,0.96,0.55,0.47,0.04,0.14,맛있음,맛,가성비,가성비,배송,배송
12338969482,KF365,112,가공육,[KF365] 미국산 돼지고기 목살 구이용 1kg,25,15790,1000,1579,304,4.86,0.88,0.12,0.96,0.66,0.53,0.01,0.15,맛있음,맛,가성비,가격,배송,배송
12274701127,KF365,113,가공육,[KF365] 무항생제 한돈 목살 구이용 2종 (냉장),27,25900,600,112233,145,4.75,0.79,0.21,0.95,0.49,0.45,0.02,0.13,맛있음,맛,가성비,가성비,배송,개봉전
12275370578,KF365,114,가공육,[KF365] 미국산 돼지고기 목전지 수육용 1kg,25,11600,1000,1160,349,4.84,0.91,0.09,0.97,0.51,0.44,0.01,0.18,맛있음,맛,가성비,가격,배송,배송
12274612955,KF365,116,가공육,[KF365] 한돈 뒷다리 대패 불고기용 1kg (냉동),16,10900,1000,1090,278,4.87,0.88,0.12,0.94,0.61,0.56,0.0,0.12,맛,맛,가성비,가성비,배송,배송
12701616780,KF365,117,가공육,[KF365] 에어프라이어용 닭가슴살 미니 카츠 500g,39,6000,500,45600,131,4.88,0.87,0.13,0.92,0.53,0.47,0.02,0.16,맛있음,맛,가성비,가성비,배송,배송
12275434952,KF365,118,가공육,[KF365] 한돈 오겹살(미박) 구이용 600g(냉장),20,15900,600,50350,94,4.87,0.88,0.12,0.99,0.5,0.44,0.0,0.13,맛있음,맛,가성비,가성비,배송,배송
12274701833,KF365,119,가공육,[KF365] 무항생제 닭가슴살 카레용 400g,0,6800,400,1700,31,4.9,1.0,0.0,1.0,0.35,0.31,0.0,0.35,맛,키워드 없음,가성비,키워드 없음,배송빠름,키워드 없음
12275346075,KF365,120,가공육,[KF365] 생 등심 치즈돈까스 4입 400g (냉장),10,9900,400,22275,57,4.77,0.75,0.25,0.91,0.38,0.4,0.0,0.15,맛,맛,가성비,가성비,배송,배송
12274677282,KF365,121,가공육,[KF365] 닭가슴살 샤브샤브 돌돌말이 400g (냉동),0,6860,400,1715,92,4.84,0.73,0.27,0.93,0.51,0.49,0.01,0.2,맛,맛,가성비,가성비,배송,배송
12275355109,KF365,122,가공육,[KF365] 무항생제 한돈 인기 요리용 7종 (택1)(냉장),26,16900,600,2817,238,4.82,0.86,0.14,0.93,0.56,0.52,0.0,0.14,맛,맛,가성비,가성비,배송,배송
12275344743,KF365,124,가공육,[골라담기] KF365 인기 고기 반찬 11종 (택1),24,7590,300,2530,224,4.88,0.91,0.09,0.98,0.69,0.48,0.0,0.21,맛있음,맛,가성비,양적음,배송,배송
12274693839,KF365,125,가공육,[KF365] 한돈 칼집 삼겹살 600g (냉장),16,17900,600,44750,53,4.92,0.96,0.04,0.98,0.48,0.54,0.0,0.15,맛있음,기름많음,가성비,키워드 없음,배송,배송좋음
12274605051,KF365,126,가공육,[KF365] 한돈 생 갈비 600g(냉장),34,11590,600,63745,39,4.28,0.79,0.21,1.0,0.62,0.5,0.12,0.26,맛있음,고기상태불량,가성비,가성비별로,배송,배송
12274637781,KF365,127,가공육,[KF365] 1+ 한우 큐브 다짐육 300g(냉동),25,13640,300,109120,27,4.63,0.83,0.17,1.0,0.54,0.62,0.04,0.08,배송빠름,고기품질,가성비,가격불만,배송,냉동
12274631879,KF365,128,가공육,[KF365] IQF 윙봉 콤보 (냉동) 1kg,0,12600,1000,1260,125,4.86,0.9,0.1,0.96,0.57,0.55,0.0,0.1,맛,맛,가성비,가성비,배송,배송
12275361717,KF365,129,정육,"[골라담기] KF365 1+ 한우 등심/안심/채끝 3종, 택1",25,38960,300,311680,73,4.73,0.83,0.17,0.98,0.37,0.43,0.05,0.13,맛있음,맛,가성비,가성비,배송,배송
12274717060,KF365,130,가공육,[KF365] 무항생제 한돈 안심 스테이크용 200g*2 (냉장),15,7590,400,26565,58,4.95,0.89,0.11,1.0,0.58,0.55,0.0,0.11,맛,맛,가성비,가성비,배송,배송
12679313167,KF365,131,가공육,[KF365] 통다리살 훈제오리 스테이크 480g,15,14990,480,43721,38,4.61,0.72,0.28,0.86,0.44,0.33,0.0,0.14,맛있음,맛,가성비,가격비쌈,배송,키워드 없음
12275379632,KF365,132,정육,[KF365] 한돈 부위별 대용량 가성비 7종,26,23900,1000,2390,86,4.79,0.87,0.13,0.93,0.47,0.39,0.04,0.14,맛있음,대용량,가성비,가성비,배송,배송
12275440807,KF365,133,가공육,[KF365] 무항생제 한돈 앞다리 수육용 600g (냉장),20,11800,600,37367,33,4.61,0.83,0.17,0.97,0.43,0.3,0.03,0.07,맛있음,고기,가성비,찌개용,배송,보통
12274715318,KF365,134,가공육,[KF365] 미국산 돼지고기 삼겹살 찌개용 300g,18,6490,300,36777,110,4.65,0.77,0.23,0.94,0.5,0.49,0.03,0.1,맛,맛,가성비,가격,배송,배송
12679315623,KF365,135,가공육,[KF365] 통가슴살 훈제오리 스테이크 450g,15,14990,450,46636,34,5.0,0.87,0.13,1.0,0.47,0.33,0.0,0.37,맛있음,고기,만족,가성비,배송,배송
12275335281,KF365,136,가공육,[KF365] 무항생제 한돈 인기 구이용 3종 (택1)(냉장),26,16900,600,2817,65,4.83,0.82,0.18,0.89,0.64,0.61,0.0,0.18,맛,담백함,가성비,가격,배송,배송
13154114739,KF365,137,달걀,[KF365] 오늘 낳은 무항생제 1+등급 대란 20구,10,7180,20,323100,25,4.72,0.86,0.14,0.86,0.29,0.52,0.05,0.14,신선함,고객대응,가성비,키워드 없음,배송,배송
12275361485,KF365,138,가공육,[KF365] 한돈 판 삼겹살 1.8kg(냉장),22,43900,1800,2439,22,4.73,0.74,0.26,1.0,0.42,0.47,0.05,0.16,맛있음,고기품질,도톰,부위불만족,배송,배송
12867151044,KF365,139,정육,[KF365] 한돈 삼겹/목살/통갈매기 모둠 600g (냉장),20,19900,600,63017,23,4.87,0.85,0.15,0.95,0.5,0.45,0.0,0.1,맛있음,근막제거,가성비,키워드 없음,배송,손질불편
13075646509,KF365,140,가공육,[KF365] 닭가슴살 1kg  2종 (10~11개입)(냉동),26,14700,1000,1470,147,4.82,0.83,0.17,0.93,0.59,0.54,0.0,0.14,맛있음,맛,가성비,가성비,배송,배송
12282900629,KF365,141,달걀,[KF365] 1등급 생닭 두마리 1.3kg (냉장),5,13290,1300,1022,48,4.85,0.87,0.13,0.83,0.43,0.48,0.0,0.17,맛,이물질,가성비,키워드 없음,배송,배송
12275416653,KF365,142,가공육,[KF365] 온 가족 함께 즐기는 고기반찬 8종 모음 (택 1),20,14350,1000,1435,58,4.91,0.8,0.2,0.98,0.55,0.49,0.0,0.16,맛있음,맛,가성비,맛,배송,배송
12274671187,KF365,144,달걀,[KF365] 메추리알 오리지날 카츠 500g,24,9400,500,43240,53,4.7,0.84,0.16,0.94,0.44,0.4,0.02,0.16,맛,맛,가성비,가성비,배송,배송
12274562690,KF365,145,달걀,[KF365] 깐 계란 700g,12,7900,700,12414,40,4.88,0.76,0.24,0.86,0.57,0.51,0.0,0.08,간편함,맛,가성비,편의성,배송,배송
12275440845,KF365,146,가공육,[KF365] 한돈 칼집 목살 600g (냉장),17,16500,600,44000,17,4.88,0.85,0.15,1.0,0.31,0.31,0.0,0.15,맛,신선도,가성비,두꺼움,배송,배송상태
12867150894,KF365,147,정육,[KF365] 한돈 삼겹/목살/등갈비 모둠 600g (냉장),20,18900,600,59850,16,4.63,0.64,0.36,1.0,0.64,0.43,0.07,0.0,맛,가성비,가성비,가성비,배송,키워드 없음
12346836176,KF365,148,가공육,[KF365] 숯불 오리지널 쪽갈비 (냉동),27,10500,450,60667,18,4.44,0.56,0.44,0.88,0.69,0.62,0.12,0.44,맛,누린내,가성비,가격,배송,배송
12274633432,KF365,149,정육,[KF365] 1+ 한우 채끝 대용량 1kg (냉장),23,127400,900,311422,10,4.9,1.0,0.0,1.0,0.83,0.67,0.0,0.0,배송빠름,키워드 없음,가성비,키워드 없음,만족,키워드 없음
12274632172,KF365,151,가공육,[KF365] IQF 닭볶음탕용  (냉동) 2kg,9,14490,2000,724,38,4.82,0.79,0.21,0.95,0.66,0.58,0.0,0.16,맛있음,껍데기,가성비,가성비,배송,배송
12274709252,KF365,152,가공육,[KF365] 무항생제 한돈 삼겹살 찌개용 200g*2 (냉장),10,12900,400,29025,11,4.82,0.78,0.22,1.0,0.67,0.22,0.0,0.11,맛있음,무난,맛좋음,괜찮음,배송,키워드 없음
12274692581,KF365,153,가공육,[KF365] 숯불 삼겹살 구이 300g (냉동),10,12980,300,38940,7,4.14,0.67,0.33,1.0,0.67,0.33,0.17,0.0,맛,덜익음,가성비,가성비,배송,배송
12274640340,KF365,154,가공육,[KF365] 한돈 앞다리 대용량 3kg(냉장),22,47900,3000,1597,12,4.83,1.0,0.0,1.0,0.67,0.75,0.0,0.25,맛,키워드 없음,가성비,키워드 없음,배송,키워드 없음
13203752518,KF365,155,달걀,[KF365] 오늘 낳은 무항생제 1+등급 특란 20구,10,7580,20,341100,14,5.0,1.0,0.0,1.0,0.6,0.6,0.0,0.0,맛,키워드 없음,가성비,키워드 없음,배송,키워드 없음
12275331634,KF365,156,가공육,[KF365] 1+ 한우 등심 큐브스테이크 300g(냉장),25,38960,300,311680,9,4.89,1.0,0.0,0.75,0.62,0.5,0.0,0.12,맛있음,키워드 없음,1인분,키워드 없음,배송,키워드 없음
12275365826,KF365,159,정육,[KF365] 1+ 한우 등심 대용량 1kg (냉장),23,123600,900,302133,8,4.5,0.71,0.29,1.0,0.71,0.86,0.0,0.0,맛,기름많음,가성비,가성비별로,배송,배송
13109291797,KF365,160,가공육,[KF365] IQF 닭볶음탕용  (냉동) 1kg,0,8490,1000,849,12,4.83,0.75,0.25,0.88,0.38,0.5,0.0,0.25,맛,맛,가성비,보기좋음,배송,배송
12275423961,KF365,161,정육,[KF365] 1+ 한우 등심 스테이크 대용량 1kg(냉장),23,127400,1000,280280,0,0.0,0.0,0.0,0.0,0.0,0.0,0.0,0.0,,,,,,
12607298175,KF365,162,가공육,[KF365] 1+ 한우 양지 솥밥용 200g (냉장),24,14611,200,168026,7,4.43,0.71,0.29,1.0,0.57,0.57,0.14,0.14,맛있음,식감,가성비,용도,배송,키워드 없음
12274601072,KF365,163,정육,[KF365] IQF 닭안심살 (냉동) 2kg,0,19900,2000,995,236,4.92,0.91,0.09,0.96,0.62,0.54,0.01,0.17,맛,맛,가성비,가성비,배송,배송
12274592602,KF365,164,가공육,[KF365] 구워나온 한돈 떡갈비 (1입/4입),14,2900,125,30160,49,4.65,0.85,0.15,0.92,0.52,0.38,0.04,0.21,맛,맛,가성비,냉동보관,배송,배송
12570679090,KF365,165,달걀,[KF365] 무항생제 1+등급 중란 20구,0,6690,20,33450,24,4.67,0.83,0.17,0.88,0.42,0.75,0.0,0.12,신선함,계란깨짐,크기,키워드 없음,배송,배송
12274636509,KF365,1,수산,[KF365] 항공직송 노르웨이 생연어 6종 (냉장) (택1),23,15300,200,7650,3845,4.84,0.7,0.3,0.96,0.54,0.51,0.09,0.07,맛,맛없음,가성비,가격,배송,배송
12274670046,KF365,2,수산,[KF365] 명인 명란 2종 (택1),11,6900,100,69000,2496,4.84,0.79,0.21,0.94,0.46,0.42,0.04,0.1,맛있음,맛,가성비,유통기한,배송,배송
12274471755,KF365,3,건어물,[KF365] 고소한 파래도시락김 16봉,16,4900,4,1837500,2334,4.85,0.79,0.21,0.94,0.5,0.4,0.06,0.04,맛있음,맛,가성비,가격,배송,배송
12274576641,KF365,4,수산,[KF365] 국산 손질오징어 300g (냉장),20,14250,300,4750,454,4.83,0.91,0.09,0.98,0.53,0.5,0.01,0.12,신선함,맛,가성비,포장,배송,배송
12274564857,KF365,5,해산,[KF365] 간편한 6가지 해물 모듬,22,8490,600,29715,1448,4.83,0.735356201,0.25408971,0.933166227,0.482453826,0.468522427,0.0758047493,0.116754617,,,,,,
12274563859,KF365,7,해산,[KF365] 국산 손질 꽃게 2종 (냉동),26,10900,500,2180,873,4.82,0.735356201,0.25408971,0.933166227,0.482453826,0.468522427,0.0758047493,0.116754617,,,,,,
12274688566,KF365,8,수산,[KF365] 완도 전복 5종 (생물) (택1),39,9490,260,3650,523,4.83,0.85,0.15,0.96,0.59,0.58,0.0,0.09,신선함,신선도,가성비,크기,배송,배송
12346832741,KF365,9,건어물,[KF365] 간편한 손질 오징어채 300g (냉동),17,8200,300,43733,765,4.78,0.77,0.23,0.95,0.47,0.42,0.05,0.14,맛,맛,가성비,가성비,배송,배송
12274603345,KF365,10,해산,[KF365] 백합조개 500g (생물),24,5190,500,23874,485,4.77,0.81,0.19,0.97,0.52,0.51,0.04,0.11,신선함,맛,가성비,가격,배송,배송
12274633144,KF365,11,건어물,[KF365] 곱창 캔김 4종 (택1),22,4590,30,321300,819,4.83,0.79,0.21,0.96,0.52,0.39,0.01,0.15,맛있음,맛,가성비,가성비,배송,배송
12274542518,KF365,13,건어물,[KF365] 기장 미역 80g,10,5300,80,59625,481,4.85,0.8,0.2,0.92,0.36,0.34,0.0,0.19,맛있음,맛,가성비,가성비,배송,배송
12274711112,KF365,14,수산,[KF365] 국산 손질 고등어 3종 (냉동) (택1),19,8500,130,117692,1061,4.77,0.77,0.23,0.96,0.46,0.43,0.05,0.06,맛있음,맛,가성비,가성비,배송,배송
12273077467,KF365,15,수산,[KF365] 제주토막갈치 3종 (냉동) (택1),11,14900,300,4967,270,4.79,0.88,0.12,0.95,0.53,0.51,0.01,0.16,맛있음,맛,가성비,가성비,배송,배송
12443229177,KF365,16,수산,[KF365] 냉동 손질 오징어 4종 (택1),17,8200,300,2733,674,4.83,0.86,0.14,0.96,0.5,0.4,0.02,0.07,맛있음,맛,가성비,가성비,배송,배송
12335533668,KF365,17,해산,[KF365] 참바지락 2종 (생물) (택1),23,4990,500,21956,405,4.84,0.83,0.17,0.94,0.46,0.53,0.02,0.13,신선함,맛,가성비,가격대비별로,배송,배송
12274538840,KF365,19,수산,[KF365] 두툼한 국산 손질오징어 600g (냉동),13,19900,600,39800,116,4.91,1.0,0.0,1.0,0.0,0.0,0.0,0.0,크기,키워드 없음,키워드 없음,키워드 없음,키워드 없음,키워드 없음
12552492077,KF365,20,수산,"[KF365] 완도 전복 2마리 250g (특대, 생물)",30,13900,250,161240,79,4.76,0.4,0.6,0.8,0.2,0.2,0.0,0.0,맛있음,상품상태,사이즈작음,키워드 없음,키워드 없음,배송
12274471831,KF365,23,건어물,[KF365] 고소한 재래도시락김 16봉,16,4900,4,1837500,489,4.84,0.92,0.08,0.93,0.51,0.46,0.0,0.11,맛있음,가성비,가성비,가성비,배송,배송
12606418309,KF365,24,수산,[KF365] 노르웨이 생연어회&스테이크 (냉장) (택1),23,15300,200,168300,862,4.87,0.94,0.06,0.99,0.55,0.46,0.0,0.13,맛있음,맛,가성비,두께,배송,배송
12274538844,KF365,26,건어물,[KF365] 두툼한 국산 오징어채 600g (냉동),10,17900,600,26850,128,4.8,0.83,0.17,0.9,0.5,0.4,0.01,0.12,맛,맛,가성비,가성비,배송,배송
12274576661,KF365,29,수산,[KF365] 원양산 손질오징어 320g (냉장),20,11890,320,70597,191,4.82,0.92,0.08,0.93,0.42,0.41,0.02,0.1,신선함,가격,가성비,구성,배송,배송
12443230576,KF365,30,수산,[KF365] 냉장 손질 오징어 2종 (택1),20,11890,300,3963,63,4.81,0.83,0.17,0.95,0.48,0.45,0.0,0.1,신선함,맛,가성비,가격,배송,배송
12274022618,KF365,31,수산,[KF365] 노르웨이 고등어 3종 (냉동) (택1),7,11900,150,7933,368,4.78,0.79,0.21,0.94,0.55,0.41,0.06,0.09,맛,크기,가성비,가격,배송,배송
12274086737,KF365,1,과일·채소,[KF365] 대추방울토마토 750g,32,7990,750,33025,10431,4.77,0.11,0.89,0.95,0.38,0.46,0.69,0.09,신선함,맛없음,가성비,가격,배송,배송
12924495223,KF365,2,과일·채소,[KF365] 실속 바나나 2종,4,4290,1000,429,3285,4.71,0.49,0.51,0.95,0.36,0.51,0.25,0.06,맛있음,맛,가성비,가성비,배송,배송
12273095475,KF365,3,과일·채소,[KF365] 아보카도 (1개),0,2990,190,1574,556,4.67,0.56,0.44,0.92,0.34,0.43,0.1,0.13,맛,맛,가성비,가성비,배송,배송
12285908922,KF365,4,견과,[KF365] 기본에 충실한 하루견과(20g*14봉),23,12900,280,101357,2101,4.79,0.71,0.29,0.95,0.56,0.46,0.07,0.12,맛,맛,가성비,가성비,배송,배송
12273094477,KF365,5,과일·채소,[KF365] 새콤달콤 제주 감귤 1.5kg (비가림),27,18905,1500,1260,1934,4.77,0.68,0.32,0.97,0.43,0.41,0.1,0.12,맛있음,맛,가성비,맛,배송,배송
12273055010,KF365,6,과일·채소,[KF365] 컷팅파인애플 1kg,39,10900,1000,1090,11578,4.71,0.46,0.54,0.98,0.36,0.55,0.53,0.11,맛있음,맛,가성비,배송,배송,배송
12773984680,KF365,7,쌀,[KF365] 밥상의 진미 쌀 10kg,10,35900,10000,359,442,4.9,0.91,0.09,0.96,0.55,0.55,0.01,0.08,맛있음,맛,가성비,가성비,배송,배송
12322306840,KF365,8,과일·채소,[KF365] 유명산지 고당도사과 1.5kg (5~6입),25,25900,1500,1727,159,4.74,0.9,0.1,0.96,0.58,0.42,0.0,0.13,맛있음,맛,가성비,가격,배송,배송
13019375338,KF365,9,과일·채소,[KF365] 당도선별 한라봉 1kg (3~5입),21,10900,1000,1090,327,4.63,0.85,0.15,0.97,0.46,0.39,0.0,0.07,맛있음,맛,가성비,맛,배송,배송
12274566117,KF365,10,쌀,[KF365] 밥상의 진미 쌀 4kg,0,17900,4000,447,0,0.0,0.92,0.08,0.92,0.51,0.44,0.0,0.1,맛,맛,가성비,가성비,배송,평범
12274345118,KF365,11,과일·채소,[KF365] 완숙토마토 2kg,10,17900,2000,895,497,4.8,0.84,0.16,0.94,0.37,0.41,0.03,0.09,신선함,맛,가성비,가성비,배송,배송
12274644877,KF365,12,과일·채소,[KF365] 컷팅파인애플 청크 500g,28,8490,500,45846,314,4.84,0.87,0.13,0.96,0.42,0.36,0.0,0.16,맛있음,맛,가성비,가격,배송,배송
12274643558,KF365,13,과일·채소,[KF365] 컷팅파인애플 원통 500g,28,8490,500,45846,191,4.79,0.11,0.89,1.0,0.33,0.67,0.33,0.11,맛,가격,가성비,가격,배송,배송
12274423350,KF365,14,과일·채소,[KF365] 머스크멜론 1.6kg (후숙 필요),25,29900,1600,1869,348,4.68,0.07,0.93,0.96,0.32,0.39,0.46,0.18,구매만족,맛,기대,맛없음,배송,배송
13020568312,KF365,15,과일·채소,[KF365] 16brix이상 고당도 적포도 500g,11,7990,500,15980,158,4.73,0.0,1.0,1.0,0.33,0.44,0.44,0.11,키워드 없음,껍질두꺼움,키워드 없음,떫은맛,키워드 없음,배송
13052714693,KF365,17,과일·채소,[KF365] 16brix이상 고당도 청포도 500g,11,7990,500,15980,253,4.66,0.77,0.23,0.96,0.45,0.39,0.04,0.03,맛있음,맛,가성비,가성비,배송,배송
12867279645,KF365,18,쌀,[KF365] 찰현미 2kg,0,12900,2000,645,55,4.76,0.88,0.12,0.94,0.35,0.41,0.0,0.08,맛,맛,가성비,가성비,배송,배송
12273041919,KF365,22,쌀,[KF365] 유기농 백미 4kg,0,26900,4000,672,142,4.85,0.86,0.14,0.95,0.5,0.51,0.01,0.14,맛,맛,가성비,도정상태,배송,배송
12274598765,KF365,23,쌀,[KF365] 찰현미 4kg,0,24900,4000,622,25,4.88,0.87,0.13,0.96,0.39,0.61,0.0,0.26,맛,맛,가성비,키워드 없음,배송,배송
13110148029,KF365,24,쌀,[KF365] 밥상의 진미 20kg,1,73900,20000,370,12,4.33,0.5,0.5,0.9,0.5,0.6,0.1,0.0,포장꼼꼼,맛,가격좋음,가성비,배송,배송
12576540123,KF365,25,과일·채소,[KF365] 새콤달콤 당도선별 제주 비가림 감귤 2.5kg (로얄과),27,30900,2500,1236,5029,4.75,0.5,0.5,0.98,0.44,0.42,0.24,0.14,맛있음,맛없음,가성비,가격,배송,배송
12346827511,KF365,26,과일·채소,[KF365] 유명산지 샤인머스캣500g,43,12900,500,108360,1203,4.7,0.67,0.33,0.96,0.48,0.47,0.14,0.09,맛있음,신선도,가성비,가격,배송,배송
12274560654,KF365,1,과일·채소,[KF365] 무농약 국산콩 콩나물 300g,11,1490,300,4967,7957,4.75,0.48,0.52,0.95,0.35,0.49,0.33,0.13,신선함,신선도,가성비,가성비,배송,배송
12273067758,KF365,2,과일·채소,[KF365] 애호박 1개,10,2241,1,2016900,5503,4.85,0.91,0.09,0.97,0.5,0.52,0.0,0.0,신선함,가격,가성비,가격,배송,배송
12274372870,KF365,3,과일·채소,[KF365] 백다다기오이 3입,10,3591,3,1077300,4905,4.8,0.92,0.08,0.96,0.46,0.47,0.0,0.0,신선함,맛,가성비,가성비,배송,배송
12273066792,KF365,4,과일·채소,[KF365] 감자 1kg (겨울 하우스 햇),7,6490,1000,649,4591,4.84,0.92,0.08,0.96,0.42,0.44,0.0,0.0,신선함,맛,가성비,가성비,배송,배송
12274343025,KF365,5,과일·채소,[KF365] 호박고구마 800g,6,5590,800,3494,5717,4.79,0.17,0.83,0.94,0.32,0.41,0.39,0.21,맛,맛,가성비,가격,배송,배송
12274346596,KF365,6,과일·채소,[KF365] 무 1입(1kg),12,2631,1000,263,1954,4.82,0.21,0.79,0.93,0.38,0.44,0.28,0.16,맛,크기,가격만족,가격,배송,배송
12273067062,KF365,7,과일·채소,[KF365] 깐마늘 200g,0,3490,200,1745,3153,4.87,0.81,0.19,0.92,0.46,0.46,0.03,0.03,맛,맛,가성비,가격,배송,배송
12271399975,KF365,8,과일·채소,[KF365] 파프리카 2입,25,4490,300,1497,1750,4.86,0.24,0.76,0.86,0.48,0.52,0.31,0.03,신선함,신선도,가성비,가성비없음,배송,배송
12274358913,KF365,9,과일·채소,[KF365] 깻잎 30g,8,1540,30,35933,1643,4.66,0.05,0.95,0.99,0.22,0.74,0.71,0.19,신선,신선도,가격,배송,배송,배송
12275466779,KF365,10,과일·채소,[KF365] 부추 200g,6,2790,200,6975,2269,4.88,0.43,0.57,1.0,0.36,0.53,0.15,0.19,신선함,신선도,가성비,가성비,배송,배송
12275456252,KF365,11,과일·채소,[KF365] 가지 2입,10,3231,300,1077,996,4.81,0.75,0.25,0.96,0.5,0.47,0.07,0.1,신선함,크기,가성비,가격,배송,배송
12273077855,KF365,12,과일·채소,[KF365] 청양고추 200g,0,3490,200,1745,911,4.86,0.87,0.13,0.93,0.38,0.44,0.02,0.07,신선함,맛,가성비,기타,배송,배송
12274656691,KF365,13,과일·채소,[KF365] 냉동 다진 마늘 300g,0,6990,300,2330,2231,4.92,0.89,0.11,0.94,0.45,0.46,0.03,0.02,편의성,맛,가성비,알수없음,배송,배송
12274343236,KF365,14,과일·채소,[KF365] 밤고구마 800g,7,5090,800,3817,1587,4.81,0.73,0.27,0.95,0.36,0.37,0.08,0.08,맛있음,맛,가성비,가성비,배송,배송
12274623155,KF365,15,과일·채소,[KF365] 포기로메인 300g,0,4490,300,1497,390,4.84,0.84,0.16,0.94,0.52,0.54,0.02,0.23,신선함,크기,가성비,가성비,배송,배송
12274345804,KF365,16,과일·채소,[KF365] 청상추 150g,0,1790,150,1193,211,4.87,0.98,0.02,0.98,0.52,0.52,0.01,0.17,신선함,야채신선도,가성비,키워드 없음,배송,배송
12273073684,KF365,17,과일·채소,[KF365] 양파 1.8kg,0,4990,1800,277,177,4.8,0.92,0.08,0.96,0.46,0.56,0.0,0.16,신선함,가격,가성비,가격,배송,배송
12273067787,KF365,18,과일·채소,[KF365] 적상추 150g,0,1790,150,1193,97,4.79,0.81,0.19,0.99,0.57,0.59,0.0,0.13,신선함,신선도,가성비,가성비,배송,배송
12274595283,KF365,1,육수,[KF365] 17가지 재료로 만든 코인 육수링 100g (25정),11,7980,4,1995000,548,4.87,0.85,0.15,0.94,0.58,0.5,0.01,0.11,맛,맛,가성비,가성비,배송,배송
12344983418,kurly's,1,달걀,[Kurly's] 동물복지 유정란 20구,5,9680,20,193600,4480,4.85,0.64,0.36,0.95,0.49,0.58,0.15,0.06,신선함,파손,가성비,가성비,배송,배송
12275462136,kurly's,3,달걀,[Kurly's] 자유방목 동물복지 유정란 10구,0,7390,10,73900,1846,4.83,0.71,0.29,0.92,0.42,0.63,0.12,0.04,신선함,계란깨짐,가성비,가격,배송,배송
12274353062,kurly's,4,달걀,[Kurly's] 깐 메추리 유정란 450g,0,5990,450,1331,1089,4.85,0.84,0.16,0.93,0.47,0.43,0.02,0.05,맛,맛,가성비,가성비,배송,배송
12274354126,kurly's,5,달걀,[Kurly's] 동물복지 구운란 10구,0,7000,10,70000,535,4.82,0.84,0.16,0.96,0.48,0.45,0.02,0.08,맛,맛,가성비,먹을만함,배송,배송
12274609876,kurly's,6,가공육,[Kurly's] 1++ 한우 국거리 250g (냉장),20,14880,250,113088,726,4.82,0.83,0.17,0.93,0.5,0.45,0.04,0.06,맛,질김,가성비,가성비,배송,배송
12274470853,kurly's,7,달걀,[Kurly's] 계란옷 입은 고기완자 500g,10,6500,500,11700,698,4.88,0.88,0.12,0.94,0.56,0.39,0.02,0.12,맛있음,맛,가성비,가성비,배송,배송
12579241531,kurly's,9,달걀,[Kurly's] 1등급 동물복지 목초 유정란 15구,10,8091,15,485460,1049,4.81,0.8,0.2,0.94,0.47,0.59,0.04,0.06,신선함,신선도,가성비,가격,배송,배송
12274344756,kurly's,10,달걀,[Kurly's] 깐 메추리 유정란 270g,0,4190,270,1552,464,4.88,0.33,0.67,0.67,0.5,0.5,0.17,0.0,장보기,맛,편리함,가성비,배송,배송
12274354103,kurly's,11,달걀,[Kurly's] 동물복지 반숙란 6구,0,4700,6,78333,359,4.82,0.2,0.8,1.0,0.3,0.5,0.2,0.0,건강,품질,키워드 없음,구성,키워드 없음,배송
12274373440,kurly's,12,가공육,"[Kurly's] 간편하게 바삭, 통등심 돈까스",12,5700,270,23222,223,4.85,0.89,0.11,0.96,0.54,0.49,0.01,0.09,맛있음,맛,가성비,가성비,배송,배송
12844358168,kurly's,13,가공육,[Kurly's] 한돈 삼겹 베이컨,11,4800,100,48000,467,4.89,0.89,0.11,0.93,0.47,0.39,0.0,0.11,맛,맛,가성비,가성비,배송,배송
12275472500,kurly's,15,달걀,[Kurly's] 동물복지 유정란 30구 (15구*2ea),0,15150,30,50500,1533,4.82,0.79,0.21,0.93,0.49,0.67,0.08,0.12,신선함,계란깨짐,가성비,가성비,배송,배송
12274348780,kurly's,16,달걀,[Kurly's] 동물복지 백색 유정란 10구,0,6000,10,60000,575,4.84,0.88,0.12,0.92,0.47,0.57,0.03,0.12,신선함,맛,가성비,없음,배송,배송
12274367010,kurly's,19,달걀,[Kurly's] 동물복지 구운란 20구,0,13000,20,65000,145,4.83,0.8,0.2,0.93,0.51,0.53,0.01,0.15,맛,맛,가성비,가성비,배송,배송
12274681314,kurly's,20,가공육,[Kurly's] 동물복지 닭 다리살 500g,5,12255,500,9804,2667,4.87,0.78,0.22,0.92,0.42,0.42,0.07,0.02,맛있음,맛,가성비,가성비없음,배송,배송
12274608984,kurly's,22,가공육,[Kurly's] 1++ 한우 불고기 250g (냉장),20,14880,250,113088,61,4.66,0.78,0.22,0.93,0.5,0.47,0.03,0.1,맛있음,맛,가성비,가성비,배송,배송
12579228401,kurly's,23,달걀,[Kurly's] 동물복지 백색 유정란 15구,0,8290,15,55267,1034,4.82,0.83,0.17,0.93,0.49,0.56,0.03,0.07,신선함,맛,가성비,가격,배송,배송
12274379010,kurly's,25,가공육,[Kurly's] 한돈 떡갈비 (120g*2입),20,4700,240,37208,242,4.83,0.87,0.13,0.92,0.62,0.45,0.01,0.18,맛있음,맛,가성비,가성비,배송,배송
12275411947,kurly's,28,정육,"[골라담기] Kurly's 1++ 한우 7종, 택1",25,33700,250,323520,401,4.8,0.78,0.22,0.93,0.47,0.46,0.03,0.18,맛있음,맛,가성비,가성비,배송,배송
12273071106,kurly's,30,달걀,[Kurly's] 동물복지 반숙란 20구,0,13000,20,65000,187,4.87,0.33,0.67,0.67,0.67,0.67,0.67,0.0,신선함,껍질까기어려움,고소함,맛별로,키워드 없음,배송
12274607362,kurly's,32,가공육,[Kurly's] 1++ 한우 양지 250g (냉장),11,22150,250,88600,74,4.61,0.83,0.17,0.93,0.54,0.44,0.04,0.21,맛있음,맛,가성비,가성비,배송,배송
12275335043,kurly's,34,정육,[Kurly's] 1++ 한우 등심 250g (냉장),25,33700,250,323520,15,4.67,0.85,0.15,0.92,0.46,0.31,0.08,0.31,맛있음,식감,맛있음,키워드 없음,배송,키워드 없음
13170929063,kurly's,37,달걀,[Kurly's] 동물복지 유정 왕란 15구,0,8790,15,58600,52,4.79,0.84,0.16,0.91,0.51,0.67,0.04,0.02,맛,맛,가성비,가성비,배송,배송
12275388986,kurly's,39,정육,[Kurly's] 1++ 한우 안심 스테이크 250g (냉장),12,49900,250,219560,5,5.0,1.0,0.0,1.0,0.75,0.75,0.0,0.25,맛,키워드 없음,가성비,키워드 없음,배송,키워드 없음
12275371554,kurly's,40,정육,[Kurly's] 1++ 한우 채끝 250g (냉장),16,44300,250,265800,0,0.0,0.0,0.0,0.0,0.0,0.0,0.0,0.0,,,,,,
12274608175,kurly's,41,정육,[Kurly's] 1++ 한우 안심 구이 250g (냉장),12,49900,250,219560,4,4.75,1.0,0.0,1.0,0.5,0.0,0.0,0.0,맛,키워드 없음,가격,키워드 없음,키워드 없음,키워드 없음
12274626208,kurly's,42,정육,[Kurly's] 1++ 한우 치마살 구이용 250g (냉장),32,51360,250,636864,2,5.0,1.0,0.0,1.0,0.0,1.0,0.0,1.0,맛있음,키워드 없음,키워드 없음,키워드 없음,배송빠름,키워드 없음
12275361482,kurly's,43,정육,[Kurly's] 1++ 한우 큐브 등심 250g (냉장),25,33700,250,323520,1,5.0,1.0,0.0,1.0,0.0,0.0,0.0,0.0,고기두꺼움,키워드 없음,키워드 없음,키워드 없음,키워드 없음,키워드 없음
12275377163,kurly's,44,가공육,[Kurly's] 1++ 한우 갈비살 구이용 250g (냉장),15,46000,250,257600,1,5.0,0.735356201,0.25408971,0.933166227,0.482453826,0.468522427,0.0758047493,0.116754617,,,,,,
12274626023,kurly's,46,정육,[Kurly's] 1++ 한우 토시살 구이용 250g (냉장),15,74200,250,415520,0,0.0,0.0,0.0,0.0,0.0,0.0,0.0,0.0,,,,,,
12274627611,kurly's,47,정육,[Kurly's] 1++ 한우 안창살 구이용 250g (냉장),15,74600,250,417760,0,0.0,0.0,0.0,0.0,0.0,0.0,0.0,0.0,,,,,,
12273075217,kurly's,1,두부,[Kurly's] 국산콩 두부 300g,15,1870,300,8727,7720,4.88,0.78,0.22,0.91,0.52,0.48,0.05,0.08,맛,맛,가성비,가성비,배송,배송
12273087761,kurly's,2,두부,[Kurly's] 국산콩 두부 500g,15,2720,500,7616,15273,4.87,0.77,0.23,0.94,0.55,0.53,0.11,0.08,맛,맛,가성비,가성비,배송,배송
12273087617,kurly's,3,두부,[Kurly's] 국산콩 2컵두부 (150g*2컵),15,2125,150,19833,4219,4.91,0.87,0.13,0.93,0.56,0.46,0.02,0.03,맛,맛,가성비,가성비,배송,배송
12273082214,kurly's,4,어묵,[Kurly's] 탱글탱글 국탕용 종합 어묵,15,3825,426,12570,2454,4.83,0.29,0.71,0.94,0.4,0.31,0.21,0.13,맛,맛,가성비,가성비,배송,배송
12273080889,kurly's,5,반찬,[Kurly's] 쫄깃쫄깃 사각 어묵,15,2720,350,10880,897,4.86,0.27,0.73,1.0,0.4,0.33,0.2,0.0,가성비,맛없음,구성,밀가루,배송,배송
12273074861,kurly's,7,반찬,[Kurly's] 동물복지 비빔 반숙 계란장 매운맛,0,7500,600,1250,898,4.89,0.89,0.11,0.97,0.54,0.41,0.01,0.07,맛있음,맛,가성비,7천원이면,배송,배송
12273075224,kurly's,8,반찬,[Kurly's] 국산콩 두부 3종 (택1),15,1870,300,623,147,4.84,0.94,0.06,0.93,0.54,0.38,0.0,0.2,맛있음,가격,가성비,가격,배송,가성비
12274473046,kurly's,10,반찬,[Kurly's] 시원한 배추김치 1.5kg,0,16300,1500,1087,839,4.7,0.73,0.27,0.97,0.43,0.47,0.06,0.15,맛있음,맛,가성비,1인가구,배송,배송
12273074831,kurly's,11,달걀,[Kurly's] 동물복지 비빔 반숙 계란장 순한맛,5,7125,600,4750,466,4.88,0.85,0.15,0.98,0.52,0.37,0.0,0.13,맛있음,맛,가성비,가격,배송,배송
12274496369,kurly's,12,반찬,[Kurly's] 감칠맛 볶음김치,0,3400,200,1700,129,4.71,0.78,0.22,0.96,0.5,0.43,0.03,0.13,맛있음,맛,가성비,가성비,배송,배송
13159353301,kurly's,13,두부,[Kurly's] 유기농 두부 300g,10,1692,300,5076,5,4.8,0.8,0.2,1.0,0.6,0.6,0.0,0.0,맛있음,포장꼼꼼,가성비,원산지,배송,보통
13159387484,kurly's,14,반찬,[Kurly's] 유기농 2컵 두부 (300g*2컵),10,2682,600,4023,12,4.92,0.89,0.11,0.89,0.56,0.78,0.0,0.0,맛,두부,가성비,키워드 없음,배송,키워드 없음
12274539773,kurly's,15,반찬,"동해물, 우리콩 두부 380g (2개입)",0,7900,380,2079,21,4.9,0.95,0.05,0.95,0.43,0.38,0.0,0.14,맛있음,키워드 없음,가성비,키워드 없음,배송,키워드 없음
12275357774,kurly's,16,반찬,[Kurly's] 알싸한 갓김치,0,10120,700,1446,63,4.78,0.75,0.25,0.96,0.4,0.44,0.02,0.11,맛있음,맛,가성비,맛,배송,배송
12274694962,kurly's,17,반찬,[Kurly's] 시원한 배추김치 4kg,0,41700,4000,1042,31,4.55,0.73,0.27,0.97,0.4,0.37,0.07,0.2,맛있음,맛,가성비,맛,배송,배송
12274483527,kurly's,1,샐러드,[Kurly's] 샌드위치용 달걀듬뿍 샐러드 500g,15,6290,500,17612,3143,4.85,0.75,0.25,0.95,0.5,0.41,0.05,0.05,맛,맛,가성비,가성비,배송,배송
12274641268,kurly's,2,간편식,"[Kurly's] 김치 왕만두 (1,050g/지퍼백)",15,8925,1050,850,19140,4.89,0.65,0.35,0.91,0.48,0.45,0.16,0.11,맛있음,맛,가성비,가성비,배송,배송
12972868569,kurly's,3,샐러드,[Kurly's] 샌드위치용 달걀감자 샐러드 500g,15,6290,500,17612,1180,4.87,0.88,0.12,0.93,0.51,0.37,0.02,0.01,맛있음,맛,가성비,가성비,배송,가격
12274377020,kurly's,5,간편식,"[Kurly's] 간편하게 바삭, 새우까스",15,5780,200,40460,554,4.84,0.72,0.28,0.9,0.48,0.38,0.01,0.12,맛있음,맛,가성비,가성비,배송,배송
12274372458,kurly's,6,간편식,[Kurly's] 물만두,15,7820,800,13685,517,4.86,0.88,0.12,0.95,0.59,0.45,0.01,0.15,맛있음,맛,가성비,가성비,배송,배송
12273030230,kurly's,8,간편식,[Kurly's] 데일리 그래놀라 3종 (택1),16,7480,200,56100,559,4.83,0.76,0.24,0.97,0.49,0.39,0.03,0.06,맛,맛,가성비,가성비,배송,배송
12274473310,kurly's,9,간편식,"[Kurly's] 간편하게 바삭, 야채 김말이",10,3510,300,10530,413,4.82,0.86,0.14,0.93,0.5,0.45,0.01,0.17,맛있음,맛,가성비,가성비,배송,배송
12333904849,kurly's,10,간편식,"[Kurly's] 간편하게 바삭, 고추 김말이",0,3900,300,1300,574,4.86,0.85,0.15,0.95,0.48,0.4,0.03,0.19,맛있음,맛,가성비,가성비,배송,배송
12274468930,kurly's,1,건어물,[Kurly's] 바삭하게 구운 김밥김 22g,31,2690,22,366818,630,4.74,0.87,0.13,0.95,0.48,0.47,0.0,0.01,맛,맛,가성비,가성비,배송,배송
12274484323,kurly's,2,건어물,[Kurly's] 바삭하게 볶은 돌김자반 35g,31,1990,35,170571,102,4.86,0.9,0.1,0.96,0.58,0.43,0.0,0.1,맛있음,맛,가성비,구성,배송,배송
12274668708,kurly's,3,수산,[Kurly's] 순살 생선 4종 (택1),22,10750,500,2150,319,4.86,0.89,0.11,0.91,0.55,0.53,0.0,0.09,맛,맛,가성비,가격,배송,배송
12274364962,kurly's,1,육수,[Kurly's] 한우 사골육수,0,4480,1000,448,686,4.86,0.87,0.13,0.92,0.5,0.43,0.02,0.08,맛,맛,가성비,가성비,배송,배송
12274374585,kurly's,3,가공육,[Kurly's] 돈육햄 200g,12,3480,200,19140,157,4.91,0.88,0.12,0.93,0.48,0.44,0.0,0.12,맛,맛,가성비,가성비,배송,배송
12273074949,kurly's,1,베이커리,[Kurly's] R15 통밀 식빵 420g,0,3980,420,948,5413,4.84,0.74,0.26,0.95,0.46,0.36,0.07,0.03,맛,맛,가성비,가성비,배송,배송
12274369365,kurly's,2,베이커리,[Kurly's] R15 통밀 모닝롤 (28g X 8개입),0,3990,224,1781,1001,4.83,0.86,0.14,0.97,0.45,0.34,0.03,0.02,맛있음,맛없음,가성비,가성비,배송,배송
12957084784,kurly's,3,베이커리,[Kurly's] 쫀득한 베이글(플레인)(115gX5개),20,8330,115,137626,319,4.86,0.9,0.1,0.96,0.49,0.4,0.0,0.09,맛,맛,가성비,가성비,배송,배송
12275332931,차려낸,1,밀키트,[차려낸] 햄 가득 송탄식 부대찌개,25,11900,1000,1190,9338,4.86,0.64,0.36,0.94,0.56,0.43,0.08,0.09,맛있음,맛,가성비,가성비,배송,배송
12284653937,차려낸,2,간편식,[차려낸] 대파 풍미를 더한 새우볶음밥 (4개입),15,9260,920,14091,6737,4.85,0.44,0.56,0.9,0.42,0.4,0.14,0.16,맛,맛,가성비,가성비,배송,배송
12274712564,차려낸,3,간편식,[차려낸] 국산 김치로 만든 김치볶음밥 (4개입),15,8070,920,12280,3149,4.85,0.31,0.69,0.92,0.49,0.45,0.21,0.15,맛,맛,가성비,가성비,배송,배송
12332462290,차려낸,4,간편식,[차려낸] 바삭한 국내산 안심 치킨텐더,30,6900,500,40020,7613,4.85,0.38,0.62,0.95,0.38,0.29,0.2,0.16,맛있음,맛,가성비,가성비,배송,배송
12564024199,차려낸,5,밀키트,[차려낸] 국물이 시원한 바지락 칼국수(4인분),25,11900,1320,902,2212,4.86,0.9,0.1,0.98,0.67,0.53,0.0,0.17,맛있음,맛,가성비,가성비,배송,배송
12637573152,차려낸,6,밀키트,[차려낸] 불맛을 더한 강릉식 짬뽕순두부찌개,20,7900,855,17556,991,4.8,0.88,0.12,0.95,0.47,0.42,0.0,0.14,맛있음,맛,가성비,맛,배송,배송
12825497619,차려낸,7,밀키트,[차려낸] 시원하고 칼칼한 바지락술찜파스타,24,10900,620,1758,1856,4.89,0.91,0.09,0.95,0.65,0.52,0.0,0.01,맛있음,맛,가성비,가성비,배송,배송
12274697163,차려낸,8,밀키트,[차려낸] 매콤 양념 낙곱새 전골,31,12900,700,55286,1133,4.79,0.73,0.27,0.92,0.53,0.45,0.04,0.18,맛있음,맛,가성비,가성비,배송,배송
13087961340,차려낸,9,간편식,[차려낸] 국산 생곤드레로 만든 곤드레나물밥 (4개입),15,10960,968,15851,401,4.86,0.87,0.13,0.96,0.53,0.38,0.0,0.09,맛있음,맛,가성비,가성비,배송,배송
13153683703,차려낸,10,간편식,[차려낸] 국내산 닭가슴살 치킨너겟,50,4950,500,48510,654,4.83,0.88,0.12,0.94,0.47,0.37,0.02,0.0,맛있음,맛,가성비,가성비,배송,배송
12274686048,차려낸,11,밀키트,[차려낸] 살얼음 육수 냉메밀소바 2인분,29,6990,908,21555,204,4.87,0.88,0.12,0.97,0.49,0.41,0.01,0.13,맛있음,맛,가성비,국물,배송,배송
12814191816,차려낸,13,밀키트,[차려낸] 세 가지 해산물 토마토파스타,19,7900,440,32318,80,4.76,0.71,0.29,0.95,0.57,0.48,0.0,0.24,맛있음,맛,가성비,가성비,배송,배송
12716475975,차려낸,14,밀키트,[차려낸] 비법 양념 서울식 소불고기전골,17,13900,740,30054,25,4.76,0.83,0.17,0.91,0.65,0.52,0.04,0.22,맛있음,누린내,가성비,맛없음,배송,배송
12632048122,차려낸,15,밀키트,[차려낸] 국산 닭을 사용한 안동찜닭,20,15900,1200,1325,266,4.76,0.08,0.92,1.0,0.33,0.42,0.33,0.33,맛,맛없음,가성비,가성비,배송,배송
12862718135,차려낸,16,간편식,[차려낸] 새우 감칠맛 더한 봉골레파스타,15,7900,280,39500,31,4.74,0.0,1.0,0.5,0.0,1.0,0.5,0.5,키워드 없음,배송,키워드 없음,키워드 없음,키워드 없음,배송
12684334064,차려낸,17,밀키트,[차려낸] 살얼음 육수 냉메밀소바 2인분 * 2개입,44,10900,908,51619,99,4.84,0.25,0.75,1.0,0.5,0.25,0.0,0.5,쫄깃,무난함,맛있음,세일,키워드 없음,배송
12854551061,차려낸,18,밀키트,[차려낸] 버섯 풍미가 진한 트러플 크림 뇨끼,11,6990,270,25889,58,4.79,0.79,0.21,0.93,0.5,0.43,0.0,0.16,맛있음,맛,가성비,양적음,배송,배송
13087964133,차려낸,19,간편식,[차려낸] 국산 나물이 듬뿍 모둠나물밥 (4개입),20,10320,968,20256,86,4.88,0.86,0.14,0.99,0.49,0.34,0.0,0.06,맛있음,맛,가성비,질림,배송,배송
12271217607,차려낸,1,반찬,[차려낸] 비법 간장 양념 메추리알 장조림 1kg,16,8300,1000,830,6812,4.84,0.66,0.34,0.95,0.49,0.45,0.08,0.08,맛있음,맛,가성비,가성비,배송,배송
12532912096,차려낸,2,국,[차려낸] 오모가리 한돈김치찌개,14,5900,500,15340,811,4.85,0.9,0.1,0.94,0.47,0.41,0.0,0.07,맛있음,맛,가성비,김치찌개,배송,냉동번거로움
12274688128,차려낸,3,국,[차려낸] 국물이 진한 한우 사골 미역국,11,5280,500,10560,1088,4.86,0.91,0.09,0.95,0.53,0.44,0.0,0.05,맛있음,맛,가성비,가성비,배송,고기작음
12447683517,차려낸,4,국,[차려낸] 구수하고 담백한 청국장,21,5900,500,23600,673,4.82,0.91,0.09,0.94,0.46,0.38,0.0,0.11,맛있음,맛,가성비,가성비,배송,배송받음
12595405978,차려낸,5,국,[차려낸] 건더기가 풍부한 육개장,20,5500,500,20900,0,0.0,0.83,0.17,0.91,0.56,0.44,0.01,0.13,맛,맛,가성비,가성비,배송,배송
12354836866,차려낸,6,어묵,[차려낸] 쫄깃하고 통통한 꼬치어묵,20,7900,398,37714,303,4.88,0.92,0.08,0.96,0.55,0.38,0.0,0.21,맛있음,맛,가성비,가격,배송,배송
12861631382,차려낸,7,국,[차려낸] 비법 육수 차돌박이된장찌개,12,6900,500,15180,128,4.75,0.81,0.19,0.92,0.54,0.36,0.02,0.18,맛있음,맛,가성비,가성비,배송,배송
12273083898,차려낸,1,수산,[차려낸] 간편하게 즐기는 순살 고등어구이 80g (2개입),33,8000,80,320000,6594,4.84,0.35,0.65,0.89,0.42,0.33,0.28,0.1,맛있음,가격,가성비,가성비,배송,배송
12346844908,99시리즈,1,가공육,99치킨 콤보 (윙&봉),0,9900,700,1414,4006,4.78,0.62,0.38,0.97,0.47,0.4,0.11,0.1,맛있음,맛,가성비,가성비,배송,배송
12274593210,99시리즈,2,가공육,[99치킨] 순살 닭강정,0,9900,700,1414,17226,4.78,0.46,0.54,0.97,0.48,0.46,0.42,0.11,맛있음,맛없음,가성비,가성비,배송,배송
12346866962,99시리즈,3,가공육,두 마리 99치킨 (에어프라이어용),0,9900,1000,990,6625,4.83,0.64,0.36,0.94,0.53,0.51,0.13,0.08,맛있음,맛,가성비,가성비,배송,배송
12346832571,99시리즈,4,가공육,[99족발] 순살 족발,0,9900,390,2538,1872,4.77,0.64,0.36,0.92,0.53,0.5,0.07,0.1,맛있음,맛,가성비,가성비,배송,배송
12320056391,99시리즈,2,간편식,[99핫도그] 크리스피 핫도그 800g(80gX10개입) 2종 (택1),0,9900,800,1238,3216,4.89,0.86,0.14,0.96,0.61,0.45,0.01,0.02,맛있음,맛,가성비,가격,배송,배송
12274606012,99시리즈,1,가공육,[99소시지] 삼겹 후랑크 소시지 1kg (500gX2EA),7,9200,1000,920,441,4.78,0.82,0.18,0.94,0.59,0.51,0.04,0.11,맛있음,맛,가성비,가성비,배송,배송
12277601973,99시리즈,2,달걀,[99달걀] 99구운란 30구 (15구*2),0,9900,1050,943,23363,4.84,0.55,0.45,0.96,0.55,0.57,0.31,0.08,맛있음,맛,가성비,가성비,배송,배송
12273066511,마이퍼스트,1,베이커리,MY FIRST 처음 만나는 모닝롤 (24g X 10개),10,4482,240,16808,1594,4.84,0.84,0.16,0.96,0.51,0.45,0.04,0.88,맛,유통기한,가성비,가성비,배송,배송
12274336390,마이퍼스트,2,베이커리,MY FIRST 처음 만나는 식빵 424g,0,5550,424,1309,165,4.78,0.9,0.1,0.99,0.5,0.4,0.02,0.26,맛,평범한맛,가성비,대안없음,배송,배송
12274371354,마이퍼스트,3,베이커리,MY FIRST 우리팥 한입 단팥빵 60g,0,2580,60,4300,115,4.73,0.79,0.21,0.96,0.5,0.41,0.03,0.26,맛,가격,가성비,가격,배송,배송
12275340305,마이퍼스트,4,베이커리,MY FIRST 처음 만나는 카스텔라 190g,0,7200,190,3789,18,4.94,0.89,0.11,1.0,0.72,0.61,0.0,0.39,맛,맛없음,가성비,가격,배송,배송
12274477279,마이퍼스트,5,베이커리,[선물세트] MY FIRST 우리팥 한입 단팥빵 6개 세트 360g,0,14500,60,24167,50,4.86,0.86,0.14,0.93,0.43,0.34,0.0,0.32,맛있음,국산팥,가성비,빵퍽퍽,배송,배송
